best_tour,best_distance,obj_exc_ct,runtime
[0 1],115.20416659131735,420,0.010001182556152344
