best_tour,best_distance,obj_exc_ct,runtime
[0 1],149.46571513226704,21,0.7714173793792725
