best_tour,best_distance,obj_exc_ct,runtime
[1 0],115.20416659131735,21,0.756859302520752
