best_tour,best_distance,obj_exc_ct,runtime
[0 1],115.20416659131735,2,6.222724914550781e-05
